rank,full_name,email,current_title,current_company,years_experience,overall_score,recommendation,confidence,has_linkedin_match,domain_relevance,missing_required_skills,mutual_connections_count,mutual_connections,referral_suggestion,conference_name,conference_domain,linkedin_url,ai_summary,ai_recommendation_narrative,ai_source
1,Lucas Evans,l.evans@img.com,Senior ML Engineer,IMG Media,8.0,75.8,Strong Match,0.9,True,1.0,Object Detection,3,Maya Levi; Eran Moshe; Itai Nahum,"Ask Maya Levi (Senior ML Engineer, AI/ML) for a warm introduction - works in AI/ML, the same department as this role.",SportsTech Innovation Summit,Sports Technology & Analytics,linkedin.com/in/lucas-evans-img,"Lucas Evans is a Senior ML Engineer at IMG Media with 8 years of experience in Sports Media. Key skills: Python, PyTorch, Computer Vision, Video Understanding, Sports Highlights. Met at SportsTech Innovation Summit. Being evaluated for Senior ML Engineer (Senior, AI/ML).",Lucas Evans scored 75.8/100 for Senior ML Engineer - Strong Match (confidence 90%). Strengths: Experience: 8 years experience vs. expected 5-12 years for Senior ML Engineer.; Title: 'Senior ML Engineer' vs. target title 'Senior ML Engineer' - 100% term overlap (domain relevance x1.0).. Missing required skills: Object Detection.,fallback_template
2,Chiara Russo,c.russo@mediaset.it,Senior ML Engineer - Video,Mediaset,7.0,71.2,Strong Match,0.9,True,1.0,Object Detection,2,Maya Levi; Itai Nahum,"Ask Maya Levi (Senior ML Engineer, AI/ML) for a warm introduction - works in AI/ML, the same department as this role.",Broadcast & Streaming Technology Expo,Broadcast & Video Technology,linkedin.com/in/chiara-russo-video,"Chiara Russo is a Senior ML Engineer - Video at Mediaset with 7 years of experience in Broadcast Media. Key skills: Python, PyTorch, Computer Vision, Video Captioning, Sports Highlights. Met at Broadcast & Streaming Technology Expo. Being evaluated for Senior ML Engineer (Senior, AI/ML).",Chiara Russo scored 71.2/100 for Senior ML Engineer - Strong Match (confidence 90%). Strengths: Experience: 7 years experience vs. expected 5-12 years for Senior ML Engineer.; Title: 'Senior ML Engineer - Video' vs. target title 'Senior ML Engineer' - 100% term overlap (domain relevance x1.0).. Weaknesses: Conference Relevance: Conference domain 'Broadcast & Video Technology' matched 0/3 job domains ([]).. Missing required skills: Object Detection.,fallback_template
3,James Thornton,james.thornton@sportsvision.io,ML Engineer,SportsVision,5.0,67.5,Strong Match,0.9,True,1.0,Object Detection; AWS,2,Maya Levi; Itai Nahum,"Ask Maya Levi (Senior ML Engineer, AI/ML) for a warm introduction - works in AI/ML, the same department as this role.",SportsTech Innovation Summit,Sports Technology & Analytics,linkedin.com/in/james-thornton-ml,"James Thornton is a ML Engineer at SportsVision with 5 years of experience in Sports Technology. Key skills: Python, PyTorch, Computer Vision, TensorFlow, Sports Analytics. Met at SportsTech Innovation Summit. Being evaluated for Senior ML Engineer (Senior, AI/ML).","James Thornton scored 67.5/100 for Senior ML Engineer - Strong Match (confidence 90%). Strengths: Experience: 5 years experience vs. expected 5-12 years for Senior ML Engineer.. Missing required skills: Object Detection, AWS.",fallback_template
4,Priya Anand,priya.anand@vidstream.com,Senior Computer Vision Engineer,VidStream,7.0,65.0,Strong Match,0.9,True,1.0,PyTorch; Computer Vision; Object Detection,2,Maya Levi; Eran Moshe,"Ask Maya Levi (Senior ML Engineer, AI/ML) for a warm introduction - works in AI/ML, the same department as this role.",SportsTech Innovation Summit,Sports Technology & Analytics,linkedin.com/in/priya-anand-cv,"Priya Anand is a Senior Computer Vision Engineer at VidStream with 7 years of experience in Video Technology. Key skills: Python, OpenCV, YOLO, Real-time Processing, AWS. Met at SportsTech Innovation Summit. Being evaluated for Senior ML Engineer (Senior, AI/ML).","Priya Anand scored 65.0/100 for Senior ML Engineer - Strong Match (confidence 90%). Strengths: Experience: 7 years experience vs. expected 5-12 years for Senior ML Engineer.; Title: 'Senior Computer Vision Engineer' vs. target title 'Senior ML Engineer' - 67% term overlap (domain relevance x1.0).. Missing required skills: PyTorch, Computer Vision, Object Detection.",fallback_template
5,Mason Young,m.young@skysports.com,ML Engineer,Sky Sports,5.0,62.5,Potential Match,0.9,True,1.0,PyTorch; Object Detection; AWS,2,Maya Levi; Itai Nahum,"Ask Maya Levi (Senior ML Engineer, AI/ML) for a warm introduction - works in AI/ML, the same department as this role.",SportsTech Innovation Summit,Sports Technology & Analytics,linkedin.com/in/mason-young-sky,"Mason Young is a ML Engineer at Sky Sports with 5 years of experience in Sports Broadcasting. Key skills: Python, TensorFlow, Computer Vision, Highlight Detection, Sports Video. Met at SportsTech Innovation Summit. Being evaluated for Senior ML Engineer (Senior, AI/ML).","Mason Young scored 62.5/100 for Senior ML Engineer - Potential Match (confidence 90%). Strengths: Experience: 5 years experience vs. expected 5-12 years for Senior ML Engineer.; Title: 'ML Engineer' vs. target title 'Senior ML Engineer' - 67% term overlap (domain relevance x1.0).. Missing required skills: PyTorch, Object Detection, AWS.",fallback_template
6,Emily Carter,emily.carter@broadcastai.com,Video AI Engineer,BroadcastAI,8.0,58.5,Potential Match,0.9,True,0.94,PyTorch; Object Detection,2,David Cohen; Itai Nahum,"Ask Itai Nahum (ML Research Engineer, AI/ML) for a warm introduction - works in AI/ML, the same department as this role.",SportsTech Innovation Summit,Sports Technology & Analytics,linkedin.com/in/emily-carter-video,"Emily Carter is a Video AI Engineer at BroadcastAI with 8 years of experience in Broadcast Media. Key skills: Python, Computer Vision, FFmpeg, Video Encoding, AWS. Met at SportsTech Innovation Summit. Being evaluated for Senior ML Engineer (Senior, AI/ML).","Emily Carter scored 58.5/100 for Senior ML Engineer - Potential Match (confidence 90%). Strengths: Experience: 8 years experience vs. expected 5-12 years for Senior ML Engineer.. Missing required skills: PyTorch, Object Detection.",fallback_template
7,Sara Lindqvist,s.lindqvist@viaplay.com,Senior ML Engineer,Viaplay,8.0,57.0,Potential Match,0.9,True,0.94,Computer Vision; Object Detection,1,Maya Levi,"Ask Maya Levi (Senior ML Engineer, AI/ML) for a warm introduction - works in AI/ML, the same department as this role.",Data & AI Summit Europe,Data Engineering & AI/ML,linkedin.com/in/sara-lindqvist-ml,"Sara Lindqvist is a Senior ML Engineer at Viaplay with 8 years of experience in Sports Streaming. Key skills: Python, PyTorch, Recommendation Systems, Streaming, Sports. Met at Data & AI Summit Europe. Being evaluated for Senior ML Engineer (Senior, AI/ML).","Sara Lindqvist scored 57.0/100 for Senior ML Engineer - Potential Match (confidence 90%). Strengths: Experience: 8 years experience vs. expected 5-12 years for Senior ML Engineer.; Title: 'Senior ML Engineer' vs. target title 'Senior ML Engineer' - 100% term overlap (domain relevance x0.94).. Weaknesses: Industry: Industry 'Sports Streaming' vs. job domains ['Sports Video Analysis', 'Computer Vision', 'Deep Learning'] - 0/3 domains matched ([]).; Conference Relevance: Conference domain 'Data Engineering & AI/ML' matched 0/3 job domains ([]).. Missing required skills: Computer Vision, Object Detection.",fallback_template
8,Scarlett Green,s.green@nfl.com,Senior Data Engineer,NFL,8.0,56.7,Potential Match,0.9,True,0.76,PyTorch; Computer Vision; Object Detection,3,Avi Goldberg; Liron Katz; Itai Nahum,"Ask Itai Nahum (ML Research Engineer, AI/ML) for a warm introduction - works in AI/ML, the same department as this role.",SportsTech Innovation Summit,Sports Technology & Analytics,linkedin.com/in/scarlett-green-nfl,"Scarlett Green is a Senior Data Engineer at NFL with 8 years of experience in Professional Sports League. Key skills: Python, Spark, dbt, Airflow, AWS. Met at SportsTech Innovation Summit. Being evaluated for Senior ML Engineer (Senior, AI/ML).","Scarlett Green scored 56.7/100 for Senior ML Engineer - Potential Match (confidence 90%). Strengths: Experience: 8 years experience vs. expected 5-12 years for Senior ML Engineer.; Mutual Connections: 3 mutual WSC connection(s), diminishing-returns scaled. Missing required skills: PyTorch, Computer Vision, Object Detection.",fallback_template
9,Marcus Reid,m.reid@statsperform.com,ML Research Engineer,Stats Perform,6.0,55.6,Potential Match,0.9,True,0.76,Computer Vision; Object Detection; AWS,3,Maya Levi; Itai Nahum; Eran Moshe,"Ask Maya Levi (Senior ML Engineer, AI/ML) for a warm introduction - works in AI/ML, the same department as this role.",SportsTech Innovation Summit,Sports Technology & Analytics,linkedin.com/in/marcus-reid-ml,"Marcus Reid is a ML Research Engineer at Stats Perform with 6 years of experience in Sports Technology. Key skills: Python, PyTorch, Deep Learning, Event Detection, Sports CV. Met at SportsTech Innovation Summit. Being evaluated for Senior ML Engineer (Senior, AI/ML).","Marcus Reid scored 55.6/100 for Senior ML Engineer - Potential Match (confidence 90%). Strengths: Experience: 6 years experience vs. expected 5-12 years for Senior ML Engineer.; Mutual Connections: 3 mutual WSC connection(s), diminishing-returns scaled. Missing required skills: Computer Vision, Object Detection, AWS.",fallback_template
10,Nathan Brooks,n.brooks@secondspectrum.com,Computer Vision Engineer,Second Spectrum,5.0,54.1,Potential Match,0.9,True,0.94,Object Detection; AWS,1,Maya Levi,"Ask Maya Levi (Senior ML Engineer, AI/ML) for a warm introduction - works in AI/ML, the same department as this role.",SportsTech Innovation Summit,Sports Technology & Analytics,linkedin.com/in/nathan-brooks-cv,"Nathan Brooks is a Computer Vision Engineer at Second Spectrum with 5 years of experience in Sports Technology. Key skills: Python, PyTorch, Computer Vision, Pose Estimation, Sports Tracking. Met at SportsTech Innovation Summit. Being evaluated for Senior ML Engineer (Senior, AI/ML).","Nathan Brooks scored 54.1/100 for Senior ML Engineer - Potential Match (confidence 90%). Strengths: Experience: 5 years experience vs. expected 5-12 years for Senior ML Engineer.. Missing required skills: Object Detection, AWS.",fallback_template
11,Ryan Patel,ryan.patel@dazn.com,Senior Data Engineer,DAZN,7.0,53.5,Potential Match,0.9,True,0.76,PyTorch; Computer Vision; Object Detection,3,Avi Goldberg; Liron Katz; David Cohen,"Ask David Cohen (VP Engineering, Engineering) for a warm introduction - senior enough to make an effective introduction.",SportsTech Innovation Summit,Sports Technology & Analytics,linkedin.com/in/ryan-patel-dazn,"Ryan Patel is a Senior Data Engineer at DAZN with 7 years of experience in Sports Streaming. Key skills: Python, Spark, Kafka, dbt, Airflow. Met at SportsTech Innovation Summit. Being evaluated for Senior ML Engineer (Senior, AI/ML).","Ryan Patel scored 53.5/100 for Senior ML Engineer - Potential Match (confidence 90%). Strengths: Experience: 7 years experience vs. expected 5-12 years for Senior ML Engineer.; Mutual Connections: 3 mutual WSC connection(s), diminishing-returns scaled + seniority bonus. Weaknesses: Industry: Industry 'Sports Streaming' vs. job domains ['Sports Video Analysis', 'Computer Vision', 'Deep Learning'] - 0/3 domains matched ([]).. Missing required skills: PyTorch, Computer Vision, Object Detection.",fallback_template
12,Sophie Martin,sophie.martin@ottplatform.com,Senior Platform Engineer,StreamOTT,7.0,52.3,Potential Match,0.9,True,0.76,PyTorch; Computer Vision; Object Detection,2,David Cohen; Tal Mizrahi,"Ask David Cohen (VP Engineering, Engineering) for a warm introduction - senior enough to make an effective introduction.",SportsTech Innovation Summit,Sports Technology & Analytics,linkedin.com/in/sophie-martin-ott,"Sophie Martin is a Senior Platform Engineer at StreamOTT with 7 years of experience in OTT Streaming. Key skills: Python, Go, Kubernetes, AWS, Live Streaming. Met at SportsTech Innovation Summit. Being evaluated for Senior ML Engineer (Senior, AI/ML).","Sophie Martin scored 52.3/100 for Senior ML Engineer - Potential Match (confidence 90%). Strengths: Experience: 7 years experience vs. expected 5-12 years for Senior ML Engineer.; Mutual Connections: 2 mutual WSC connection(s), diminishing-returns scaled + seniority bonus. Weaknesses: Industry: Industry 'OTT Streaming' vs. job domains ['Sports Video Analysis', 'Computer Vision', 'Deep Learning'] - 0/3 domains matched ([]).. Missing required skills: PyTorch, Computer Vision, Object Detection.",fallback_template
13,Nia Campbell,n.campbell@bbc-sport.co.uk,Senior Video Engineer,BBC Sport,7.0,51.5,Potential Match,0.9,True,0.76,PyTorch; Computer Vision; Object Detection,2,David Cohen; Itai Nahum,"Ask Itai Nahum (ML Research Engineer, AI/ML) for a warm introduction - works in AI/ML, the same department as this role.",Broadcast & Streaming Technology Expo,Broadcast & Video Technology,linkedin.com/in/nia-campbell-bbc,"Nia Campbell is a Senior Video Engineer at BBC Sport with 7 years of experience in Broadcast Media. Key skills: Python, FFmpeg, Video Processing, AWS, Live Sports. Met at Broadcast & Streaming Technology Expo. Being evaluated for Senior ML Engineer (Senior, AI/ML).","Nia Campbell scored 51.5/100 for Senior ML Engineer - Potential Match (confidence 90%). Strengths: Experience: 7 years experience vs. expected 5-12 years for Senior ML Engineer.; Mutual Connections: 2 mutual WSC connection(s), diminishing-returns scaled + seniority bonus. Weaknesses: Conference Relevance: Conference domain 'Broadcast & Video Technology' matched 0/3 job domains ([]).. Missing required skills: PyTorch, Computer Vision, Object Detection.",fallback_template
14,David Strauss,d.strauss@nba.com,Senior Video Platform Engineer,NBA,9.0,51.5,Potential Match,0.9,True,0.76,PyTorch; Computer Vision; Object Detection,2,David Cohen; Yuval Stern,"Ask David Cohen (VP Engineering, Engineering) for a warm introduction - senior enough to make an effective introduction.",Broadcast & Streaming Technology Expo,Broadcast & Video Technology,linkedin.com/in/david-strauss-nba,"David Strauss is a Senior Video Platform Engineer at NBA with 9 years of experience in Sports - Professional League. Key skills: Python, AWS, Video Streaming, HLS, CDN. Met at Broadcast & Streaming Technology Expo. Being evaluated for Senior ML Engineer (Senior, AI/ML).","David Strauss scored 51.5/100 for Senior ML Engineer - Potential Match (confidence 90%). Strengths: Experience: 9 years experience vs. expected 5-12 years for Senior ML Engineer.; Mutual Connections: 2 mutual WSC connection(s), diminishing-returns scaled + seniority bonus. Weaknesses: Conference Relevance: Conference domain 'Broadcast & Video Technology' matched 0/3 job domains ([]).. Missing required skills: PyTorch, Computer Vision, Object Detection.",fallback_template
15,Adaora Okafor,a.okafor@mediasports.ng,Head of Technology,MediaSports Africa,10.0,50.2,Potential Match,0.9,True,1.0,PyTorch; Object Detection,1,Eran Moshe,"Ask Eran Moshe (CTO, Leadership) for a warm introduction - the only mutual connection available.",Data & AI Summit Europe,Data Engineering & AI/ML,linkedin.com/in/adaora-okafor-tech,"Adaora Okafor is a Head of Technology at MediaSports Africa with 10 years of experience in Sports Media. Key skills: Python, Computer Vision, Video Analytics, Team Leadership, AWS. Met at Data & AI Summit Europe. Being evaluated for Senior ML Engineer (Senior, AI/ML).","Adaora Okafor scored 50.2/100 for Senior ML Engineer - Potential Match (confidence 90%). Strengths: Experience: 10 years experience vs. expected 5-12 years for Senior ML Engineer.. Weaknesses: Title: 'Head of Technology' vs. target title 'Senior ML Engineer' - 0% term overlap (domain relevance x1.0).; Conference Relevance: Conference domain 'Data Engineering & AI/ML' matched 0/3 job domains ([]).. Missing required skills: PyTorch, Object Detection.",fallback_template
16,Bruno Ferreira,b.ferreira@benfica-lab.com,Sports Data Scientist,Benfica Lab,5.0,50.0,Potential Match,0.9,True,1.0,PyTorch; Object Detection; AWS,1,Liron Katz,"Ask Liron Katz (Sports Data Analyst, Data) for a warm introduction - the only mutual connection available.",Data & AI Summit Europe,Data Engineering & AI/ML,linkedin.com/in/bruno-ferreira-benfica,"Bruno Ferreira is a Sports Data Scientist at Benfica Lab with 5 years of experience in Sports Science & Analytics. Key skills: Python, R, Machine Learning, Football Analytics, Computer Vision. Met at Data & AI Summit Europe. Being evaluated for Senior ML Engineer (Senior, AI/ML).","Bruno Ferreira scored 50.0/100 for Senior ML Engineer - Potential Match (confidence 90%). Strengths: Experience: 5 years experience vs. expected 5-12 years for Senior ML Engineer.; Industry: Industry 'Sports Science & Analytics' vs. job domains ['Sports Video Analysis', 'Computer Vision', 'Deep Learning'] - 3/3 domains matched (['Sports Video Analysis', 'Computer Vision', 'Deep Learning']).. Weaknesses: Title: 'Sports Data Scientist' vs. target title 'Senior ML Engineer' - 0% term overlap (domain relevance x1.0).; Conference Relevance: Conference domain 'Data Engineering & AI/ML' matched 0/3 job domains ([]).. Missing required skills: PyTorch, Object Detection, AWS.",fallback_template
17,Yuki Tanaka,yuki.tanaka@nba.com,Data Engineer,NBA,6.0,49.1,Low Priority,0.9,True,0.76,PyTorch; Computer Vision; Object Detection,1,Avi Goldberg,"Ask Avi Goldberg (Data Engineer, Data) for a warm introduction - the only mutual connection available.",SportsTech Innovation Summit,Sports Technology & Analytics,linkedin.com/in/yuki-tanaka-nba,"Yuki Tanaka is a Data Engineer at NBA with 6 years of experience in Sports - Professional League. Key skills: Python, Spark, dbt, Airflow, SQL. Met at SportsTech Innovation Summit. Being evaluated for Senior ML Engineer (Senior, AI/ML).","Yuki Tanaka scored 49.1/100 for Senior ML Engineer - Low Priority (confidence 90%). Strengths: Experience: 6 years experience vs. expected 5-12 years for Senior ML Engineer.. Missing required skills: PyTorch, Computer Vision, Object Detection.",fallback_template
18,Henry Wright,h.wright@warnermedia.com,Data Engineer,Warner Media Sports,6.0,48.5,Low Priority,0.9,True,0.76,PyTorch; Computer Vision; Object Detection,2,Avi Goldberg; David Cohen,"Ask David Cohen (VP Engineering, Engineering) for a warm introduction - senior enough to make an effective introduction.",SportsTech Innovation Summit,Sports Technology & Analytics,linkedin.com/in/henry-wright-wm,"Henry Wright is a Data Engineer at Warner Media Sports with 6 years of experience in Sports Media. Key skills: Python, Spark, dbt, SQL, Airflow. Met at SportsTech Innovation Summit. Being evaluated for Senior ML Engineer (Senior, AI/ML).","Henry Wright scored 48.5/100 for Senior ML Engineer - Low Priority (confidence 90%). Strengths: Experience: 6 years experience vs. expected 5-12 years for Senior ML Engineer.; Mutual Connections: 2 mutual WSC connection(s), diminishing-returns scaled + seniority bonus. Weaknesses: Industry: Industry 'Sports Media' vs. job domains ['Sports Video Analysis', 'Computer Vision', 'Deep Learning'] - 0/3 domains matched ([]).. Missing required skills: PyTorch, Computer Vision, Object Detection.",fallback_template
19,Noah Anderson,n.anderson@genius-sports.com,Data Platform Engineer,Genius Sports,6.0,48.0,Low Priority,0.9,True,0.76,PyTorch; Computer Vision; Object Detection,2,Avi Goldberg; Tal Mizrahi,"Ask Tal Mizrahi (Backend Engineer, Engineering) for a warm introduction - the only mutual connection available.",SportsTech Innovation Summit,Sports Technology & Analytics,linkedin.com/in/noah-anderson-gs,"Noah Anderson is a Data Platform Engineer at Genius Sports with 6 years of experience in Sports Technology. Key skills: Python, Spark, Kafka, Airflow, dbt. Met at SportsTech Innovation Summit. Being evaluated for Senior ML Engineer (Senior, AI/ML).","Noah Anderson scored 48.0/100 for Senior ML Engineer - Low Priority (confidence 90%). Strengths: Experience: 6 years experience vs. expected 5-12 years for Senior ML Engineer.; Mutual Connections: 2 mutual WSC connection(s), diminishing-returns scaled. Weaknesses: Industry: Industry 'Sports Technology' vs. job domains ['Sports Video Analysis', 'Computer Vision', 'Deep Learning'] - 0/3 domains matched ([]).. Missing required skills: PyTorch, Computer Vision, Object Detection.",fallback_template
20,Owen Jackson,o.jackson@fox-sports.com,Backend Engineer,Fox Sports Digital,6.0,48.0,Low Priority,0.9,True,0.76,PyTorch; Computer Vision; Object Detection,2,Tal Mizrahi; Yuval Stern,"Ask Yuval Stern (DevOps Engineer, Engineering) for a warm introduction - the only mutual connection available.",SportsTech Innovation Summit,Sports Technology & Analytics,linkedin.com/in/owen-jackson-fox,"Owen Jackson is a Backend Engineer at Fox Sports Digital with 6 years of experience in Sports Media. Key skills: Python, Go, AWS, Kafka, Live Streaming. Met at SportsTech Innovation Summit. Being evaluated for Senior ML Engineer (Senior, AI/ML).","Owen Jackson scored 48.0/100 for Senior ML Engineer - Low Priority (confidence 90%). Strengths: Experience: 6 years experience vs. expected 5-12 years for Senior ML Engineer.; Mutual Connections: 2 mutual WSC connection(s), diminishing-returns scaled. Weaknesses: Industry: Industry 'Sports Media' vs. job domains ['Sports Video Analysis', 'Computer Vision', 'Deep Learning'] - 0/3 domains matched ([]).. Missing required skills: PyTorch, Computer Vision, Object Detection.",fallback_template
21,Pilar Reyes,p.reyes@ott-latam.com,Video Streaming Engineer,OTT Latam,6.0,47.7,Low Priority,0.9,True,0.76,PyTorch; Computer Vision; Object Detection,2,Tal Mizrahi; David Cohen,"Ask David Cohen (VP Engineering, Engineering) for a warm introduction - senior enough to make an effective introduction.",Broadcast & Streaming Technology Expo,Broadcast & Video Technology,linkedin.com/in/pilar-reyes-ott,"Pilar Reyes is a Video Streaming Engineer at OTT Latam with 6 years of experience in OTT/Sports Broadcasting. Key skills: Python, FFmpeg, HLS, AWS, Live Streaming. Met at Broadcast & Streaming Technology Expo. Being evaluated for Senior ML Engineer (Senior, AI/ML).","Pilar Reyes scored 47.7/100 for Senior ML Engineer - Low Priority (confidence 90%). Strengths: Experience: 6 years experience vs. expected 5-12 years for Senior ML Engineer.; Mutual Connections: 2 mutual WSC connection(s), diminishing-returns scaled + seniority bonus. Weaknesses: Conference Relevance: Conference domain 'Broadcast & Video Technology' matched 0/3 job domains ([]).. Missing required skills: PyTorch, Computer Vision, Object Detection.",fallback_template
22,Liam Harris,l.harris@kinexon.com,Senior Backend Engineer,KINEXON Sports,7.0,47.5,Low Priority,0.9,True,0.58,PyTorch; Computer Vision; Object Detection; AWS,2,Tal Mizrahi; Michal Barak,"Ask Tal Mizrahi (Backend Engineer, Engineering) for a warm introduction - the only mutual connection available.",SportsTech Innovation Summit,Sports Technology & Analytics,linkedin.com/in/liam-harris-kinexon,"Liam Harris is a Senior Backend Engineer at KINEXON Sports with 7 years of experience in Sports IoT/Tech. Key skills: Python, Go, IoT, Real-time Processing, Kafka. Met at SportsTech Innovation Summit. Being evaluated for Senior ML Engineer (Senior, AI/ML).","Liam Harris scored 47.5/100 for Senior ML Engineer - Low Priority (confidence 90%). Strengths: Experience: 7 years experience vs. expected 5-12 years for Senior ML Engineer.; Mutual Connections: 2 mutual WSC connection(s), diminishing-returns scaled. Weaknesses: Industry: Industry 'Sports IoT/Tech' vs. job domains ['Sports Video Analysis', 'Computer Vision', 'Deep Learning'] - 0/3 domains matched ([]).. Missing required skills: PyTorch, Computer Vision, Object Detection, AWS.",fallback_template
23,Chris Lee,c.lee@sportradar.com,Senior Backend Engineer,Sportradar,8.0,46.7,Low Priority,0.9,True,0.58,PyTorch; Computer Vision; Object Detection; AWS,2,Tal Mizrahi; Michal Barak,"Ask Tal Mizrahi (Backend Engineer, Engineering) for a warm introduction - the only mutual connection available.",SportsTech Innovation Summit,Sports Technology & Analytics,linkedin.com/in/chris-lee-sportradar,"Chris Lee is a Senior Backend Engineer at Sportradar with 8 years of experience in Sports Technology. Key skills: Python, Go, Kafka, Microservices, REST APIs. Met at SportsTech Innovation Summit. Being evaluated for Senior ML Engineer (Senior, AI/ML).","Chris Lee scored 46.7/100 for Senior ML Engineer - Low Priority (confidence 90%). Strengths: Experience: 8 years experience vs. expected 5-12 years for Senior ML Engineer.; Mutual Connections: 2 mutual WSC connection(s), diminishing-returns scaled. Weaknesses: Skills: 20% of required skills and 0% of nice-to-have skills matched (domain relevance x0.58).; Industry: Industry 'Sports Technology' vs. job domains ['Sports Video Analysis', 'Computer Vision', 'Deep Learning'] - 0/3 domains matched ([]).. Missing required skills: PyTorch, Computer Vision, Object Detection, AWS.",fallback_template
24,Tom Barker,t.barker@akamai.com,Senior DevOps Engineer,Akamai Technologies,8.0,46.0,Low Priority,0.9,True,0.76,PyTorch; Computer Vision; Object Detection,1,Yuval Stern,"Ask Yuval Stern (DevOps Engineer, Engineering) for a warm introduction - the only mutual connection available.",DevOps World 2025,DevOps & Platform Engineering,linkedin.com/in/tom-barker-akamai,"Tom Barker is a Senior DevOps Engineer at Akamai Technologies with 8 years of experience in Cloud/CDN. Key skills: Kubernetes, Terraform, AWS, CDN, CI/CD. Met at DevOps World 2025. Being evaluated for Senior ML Engineer (Senior, AI/ML).","Tom Barker scored 46.0/100 for Senior ML Engineer - Low Priority (confidence 90%). Strengths: Experience: 8 years experience vs. expected 5-12 years for Senior ML Engineer.. Weaknesses: Industry: Industry 'Cloud/CDN' vs. job domains ['Sports Video Analysis', 'Computer Vision', 'Deep Learning'] - 0/3 domains matched ([]).; Conference Relevance: Conference domain 'DevOps & Platform Engineering' matched 0/3 job domains ([]).. Missing required skills: PyTorch, Computer Vision, Object Detection.",fallback_template
25,Tobias Braun,t.braun@aws.com,ML Solutions Architect,Amazon Web Services,8.0,45.1,Low Priority,0.9,True,0.76,PyTorch; Computer Vision; Object Detection,2,David Cohen; Yuval Stern,"Ask David Cohen (VP Engineering, Engineering) for a warm introduction - senior enough to make an effective introduction.",Data & AI Summit Europe,Data Engineering & AI/ML,linkedin.com/in/tobias-braun-aws,"Tobias Braun is a ML Solutions Architect at Amazon Web Services with 8 years of experience in Cloud/Media. Key skills: AWS, SageMaker, ML Architecture, Sports Media, IaC. Met at Data & AI Summit Europe. Being evaluated for Senior ML Engineer (Senior, AI/ML).","Tobias Braun scored 45.1/100 for Senior ML Engineer - Low Priority (confidence 90%). Strengths: Experience: 8 years experience vs. expected 5-12 years for Senior ML Engineer.; Mutual Connections: 2 mutual WSC connection(s), diminishing-returns scaled + seniority bonus. Weaknesses: Industry: Industry 'Cloud/Media' vs. job domains ['Sports Video Analysis', 'Computer Vision', 'Deep Learning'] - 0/3 domains matched ([]).; Conference Relevance: Conference domain 'Data Engineering & AI/ML' matched 0/3 job domains ([]).. Missing required skills: PyTorch, Computer Vision, Object Detection.",fallback_template
26,David Petersen,d.petersen@warnermedia.com,Senior SRE,Warner Media,7.0,45.1,Low Priority,0.9,True,0.76,PyTorch; Computer Vision; Object Detection,2,Yuval Stern; David Cohen,"Ask David Cohen (VP Engineering, Engineering) for a warm introduction - senior enough to make an effective introduction.",DevOps World 2025,DevOps & Platform Engineering,linkedin.com/in/david-petersen-sre,"David Petersen is a Senior SRE at Warner Media with 7 years of experience in Broadcast Media. Key skills: Python, Kubernetes, AWS, Monitoring, Sports Broadcast. Met at DevOps World 2025. Being evaluated for Senior ML Engineer (Senior, AI/ML).","David Petersen scored 45.1/100 for Senior ML Engineer - Low Priority (confidence 90%). Strengths: Experience: 7 years experience vs. expected 5-12 years for Senior ML Engineer.; Mutual Connections: 2 mutual WSC connection(s), diminishing-returns scaled + seniority bonus. Weaknesses: Industry: Industry 'Broadcast Media' vs. job domains ['Sports Video Analysis', 'Computer Vision', 'Deep Learning'] - 0/3 domains matched ([]).; Conference Relevance: Conference domain 'DevOps & Platform Engineering' matched 0/3 job domains ([]).. Missing required skills: PyTorch, Computer Vision, Object Detection.",fallback_template
27,Yael Ben-David,y.bendavid@akamai.com,Media Delivery Engineer,Akamai Technologies,5.0,45.1,Low Priority,0.9,True,0.76,PyTorch; Computer Vision; Object Detection,2,Yuval Stern; David Cohen,"Ask David Cohen (VP Engineering, Engineering) for a warm introduction - senior enough to make an effective introduction.",Broadcast & Streaming Technology Expo,Broadcast & Video Technology,linkedin.com/in/yael-bendavid-akamai,"Yael Ben-David is a Media Delivery Engineer at Akamai Technologies with 5 years of experience in Cloud/CDN. Key skills: CDN, AWS, Live Streaming, Sports, Python. Met at Broadcast & Streaming Technology Expo. Being evaluated for Senior ML Engineer (Senior, AI/ML).","Yael Ben-David scored 45.1/100 for Senior ML Engineer - Low Priority (confidence 90%). Strengths: Experience: 5 years experience vs. expected 5-12 years for Senior ML Engineer.; Mutual Connections: 2 mutual WSC connection(s), diminishing-returns scaled + seniority bonus. Weaknesses: Industry: Industry 'Cloud/CDN' vs. job domains ['Sports Video Analysis', 'Computer Vision', 'Deep Learning'] - 0/3 domains matched ([]).; Conference Relevance: Conference domain 'Broadcast & Video Technology' matched 0/3 job domains ([]).. Missing required skills: PyTorch, Computer Vision, Object Detection.",fallback_template
28,Amir Hassan,amir.hassan@sportstats.io,Sports Data Engineer,SportStats,5.0,44.8,Low Priority,0.9,True,0.7,PyTorch; Computer Vision; Object Detection; AWS,2,Avi Goldberg; Liron Katz,"Ask Liron Katz (Sports Data Analyst, Data) for a warm introduction - the only mutual connection available.",SportsTech Innovation Summit,Sports Technology & Analytics,linkedin.com/in/amir-hassan-sports,"Amir Hassan is a Sports Data Engineer at SportStats with 5 years of experience in Sports Technology. Key skills: Python, Spark, dbt, SQL, Airflow. Met at SportsTech Innovation Summit. Being evaluated for Senior ML Engineer (Senior, AI/ML).","Amir Hassan scored 44.8/100 for Senior ML Engineer - Low Priority (confidence 90%). Strengths: Experience: 5 years experience vs. expected 5-12 years for Senior ML Engineer.; Mutual Connections: 2 mutual WSC connection(s), diminishing-returns scaled. Weaknesses: Skills: 20% of required skills and 0% of nice-to-have skills matched (domain relevance x0.7).; Industry: Industry 'Sports Technology' vs. job domains ['Sports Video Analysis', 'Computer Vision', 'Deep Learning'] - 0/3 domains matched ([]).. Missing required skills: PyTorch, Computer Vision, Object Detection, AWS.",fallback_template
29,Rafa Torres,r.torres@sportradar.com,Site Reliability Engineer,Sportradar,6.0,44.6,Low Priority,0.9,True,0.76,PyTorch; Computer Vision; Object Detection,2,Tal Mizrahi; Yuval Stern,"Ask Yuval Stern (DevOps Engineer, Engineering) for a warm introduction - the only mutual connection available.",DevOps World 2025,DevOps & Platform Engineering,linkedin.com/in/rafa-torres-sre,"Rafa Torres is a Site Reliability Engineer at Sportradar with 6 years of experience in Sports Technology. Key skills: Python, Kubernetes, Terraform, AWS, Monitoring. Met at DevOps World 2025. Being evaluated for Senior ML Engineer (Senior, AI/ML).","Rafa Torres scored 44.6/100 for Senior ML Engineer - Low Priority (confidence 90%). Strengths: Experience: 6 years experience vs. expected 5-12 years for Senior ML Engineer.; Mutual Connections: 2 mutual WSC connection(s), diminishing-returns scaled. Weaknesses: Industry: Industry 'Sports Technology' vs. job domains ['Sports Video Analysis', 'Computer Vision', 'Deep Learning'] - 0/3 domains matched ([]).; Conference Relevance: Conference domain 'DevOps & Platform Engineering' matched 0/3 job domains ([]).. Missing required skills: PyTorch, Computer Vision, Object Detection.",fallback_template
30,Marta Kowalska,m.kowalska@imgmedia.com,Video Systems Engineer,IMG Media,6.0,44.3,Low Priority,0.9,True,0.7,PyTorch; Computer Vision; Object Detection; AWS,2,David Cohen; Tal Mizrahi,"Ask David Cohen (VP Engineering, Engineering) for a warm introduction - senior enough to make an effective introduction.",Broadcast & Streaming Technology Expo,Broadcast & Video Technology,linkedin.com/in/marta-kowalska-img,"Marta Kowalska is a Video Systems Engineer at IMG Media with 6 years of experience in Sports Media. Key skills: Python, FFmpeg, HLS, DASH, Multi-camera. Met at Broadcast & Streaming Technology Expo. Being evaluated for Senior ML Engineer (Senior, AI/ML).","Marta Kowalska scored 44.3/100 for Senior ML Engineer - Low Priority (confidence 90%). Strengths: Experience: 6 years experience vs. expected 5-12 years for Senior ML Engineer.; Mutual Connections: 2 mutual WSC connection(s), diminishing-returns scaled + seniority bonus. Weaknesses: Industry: Industry 'Sports Media' vs. job domains ['Sports Video Analysis', 'Computer Vision', 'Deep Learning'] - 1/3 domains matched (['Sports Video Analysis']).; Conference Relevance: Conference domain 'Broadcast & Video Technology' matched 0/3 job domains ([]).. Missing required skills: PyTorch, Computer Vision, Object Detection, AWS.",fallback_template
31,Jin Park,j.park@statsperform.com,Principal Data Scientist,Stats Perform,10.0,43.4,Low Priority,0.9,True,0.76,Computer Vision; Object Detection; AWS,2,Itai Nahum; Liron Katz,"Ask Itai Nahum (ML Research Engineer, AI/ML) for a warm introduction - works in AI/ML, the same department as this role.",Data & AI Summit Europe,Data Engineering & AI/ML,linkedin.com/in/jin-park-stats,"Jin Park is a Principal Data Scientist at Stats Perform with 10 years of experience in Sports Technology. Key skills: Python, PyTorch, Causal ML, Event Detection, Football Analytics. Met at Data & AI Summit Europe. Being evaluated for Senior ML Engineer (Senior, AI/ML).","Jin Park scored 43.4/100 for Senior ML Engineer - Low Priority (confidence 90%). Strengths: Experience: 10 years experience vs. expected 5-12 years for Senior ML Engineer.; Mutual Connections: 2 mutual WSC connection(s), diminishing-returns scaled. Weaknesses: Title: 'Principal Data Scientist' vs. target title 'Senior ML Engineer' - 0% term overlap (domain relevance x0.76).; Conference Relevance: Conference domain 'Data Engineering & AI/ML' matched 0/3 job domains ([]).. Missing required skills: Computer Vision, Object Detection, AWS.",fallback_template
32,Elijah Allen,e.allen@deltatre.com,Senior Product Manager,Deltatre,9.0,42.1,Low Priority,0.9,True,0.4,Python; PyTorch; Computer Vision; Object Detection; AWS,3,Noa Shapiro; Dana Friedman; Eran Moshe,"Ask Noa Shapiro (Senior Product Manager, Product) for a warm introduction - the only mutual connection available.",SportsTech Innovation Summit,Sports Technology & Analytics,linkedin.com/in/elijah-allen-deltatre,"Elijah Allen is a Senior Product Manager at Deltatre with 9 years of experience in Sports Media Technology. Key skills: Product Management, OTT, Sports Digital, B2B SaaS, Broadcast APIs. Met at SportsTech Innovation Summit. Being evaluated for Senior ML Engineer (Senior, AI/ML).","Elijah Allen scored 42.1/100 for Senior ML Engineer - Low Priority (confidence 90%). Strengths: Experience: 9 years experience vs. expected 5-12 years for Senior ML Engineer.; Mutual Connections: 3 mutual WSC connection(s), diminishing-returns scaled. Weaknesses: Skills: 0% of required skills and 0% of nice-to-have skills matched (domain relevance x0.4).; Industry: Industry 'Sports Media Technology' vs. job domains ['Sports Video Analysis', 'Computer Vision', 'Deep Learning'] - 0/3 domains matched ([]).. Missing required skills: Python, PyTorch, Computer Vision, Object Detection, AWS.",fallback_template
33,Ethan Clark,e.clark@aws.com,Solutions Architect - Media,Amazon Web Services,9.0,41.4,Low Priority,0.9,True,0.58,Python; PyTorch; Computer Vision; Object Detection,2,Yuval Stern; David Cohen,"Ask David Cohen (VP Engineering, Engineering) for a warm introduction - senior enough to make an effective introduction.",SportsTech Innovation Summit,Sports Technology & Analytics,linkedin.com/in/ethan-clark-aws,"Ethan Clark is a Solutions Architect - Media at Amazon Web Services with 9 years of experience in Cloud/Media. Key skills: AWS, Media Services, Architecture, Sports Clients, Streaming. Met at SportsTech Innovation Summit. Being evaluated for Senior ML Engineer (Senior, AI/ML).","Ethan Clark scored 41.4/100 for Senior ML Engineer - Low Priority (confidence 90%). Strengths: Experience: 9 years experience vs. expected 5-12 years for Senior ML Engineer.; Mutual Connections: 2 mutual WSC connection(s), diminishing-returns scaled + seniority bonus. Weaknesses: Title: 'Solutions Architect - Media' vs. target title 'Senior ML Engineer' - 0% term overlap (domain relevance x0.58).; Industry: Industry 'Cloud/Media' vs. job domains ['Sports Video Analysis', 'Computer Vision', 'Deep Learning'] - 0/3 domains matched ([]).. Missing required skills: Python, PyTorch, Computer Vision, Object Detection.",fallback_template
34,Fatima Al-Rashid,f.alrashid@sportinggroup.com,Head of Data,Sporting Analytics Group,9.0,41.3,Low Priority,0.9,True,0.7,PyTorch; Computer Vision; Object Detection; AWS,2,Avi Goldberg; Liron Katz,"Ask Liron Katz (Sports Data Analyst, Data) for a warm introduction - the only mutual connection available.",Data & AI Summit Europe,Data Engineering & AI/ML,linkedin.com/in/fatima-alrashid-data,"Fatima Al-Rashid is a Head of Data at Sporting Analytics Group with 9 years of experience in Sports Analytics. Key skills: Python, Spark, SQL, Sports Analytics, Team Management. Met at Data & AI Summit Europe. Being evaluated for Senior ML Engineer (Senior, AI/ML).","Fatima Al-Rashid scored 41.3/100 for Senior ML Engineer - Low Priority (confidence 90%). Strengths: Experience: 9 years experience vs. expected 5-12 years for Senior ML Engineer.; Mutual Connections: 2 mutual WSC connection(s), diminishing-returns scaled. Weaknesses: Title: 'Head of Data' vs. target title 'Senior ML Engineer' - 0% term overlap (domain relevance x0.7).; Conference Relevance: Conference domain 'Data Engineering & AI/ML' matched 0/3 job domains ([]).. Missing required skills: PyTorch, Computer Vision, Object Detection, AWS.",fallback_template
35,Viktor Novak,v.novak@databricks.com,Senior Data Engineer,Databricks,7.0,41.0,Low Priority,0.9,True,0.76,PyTorch; Computer Vision; Object Detection,0,,,Data & AI Summit Europe,Data Engineering & AI/ML,linkedin.com/in/viktor-novak-de,"Viktor Novak is a Senior Data Engineer at Databricks with 7 years of experience in Data & AI Platforms. Key skills: Python, Spark, Delta Lake, dbt, Airflow. Met at Data & AI Summit Europe. Being evaluated for Senior ML Engineer (Senior, AI/ML).","Viktor Novak scored 41.0/100 for Senior ML Engineer - Low Priority (confidence 90%). Strengths: Experience: 7 years experience vs. expected 5-12 years for Senior ML Engineer.. Weaknesses: Mutual Connections: No mutual WSC connections found.; Conference Relevance: Conference domain 'Data Engineering & AI/ML' matched 0/3 job domains ([]).. Missing required skills: PyTorch, Computer Vision, Object Detection.",fallback_template
36,Alexei Volkov,a.volkov@dazn.com,Infrastructure Engineer,DAZN,6.0,41.0,Low Priority,0.9,True,0.58,Python; PyTorch; Computer Vision; Object Detection,2,Yuval Stern; David Cohen,"Ask David Cohen (VP Engineering, Engineering) for a warm introduction - senior enough to make an effective introduction.",DevOps World 2025,DevOps & Platform Engineering,linkedin.com/in/alexei-volkov-dazn,"Alexei Volkov is a Infrastructure Engineer at DAZN with 6 years of experience in Sports Streaming. Key skills: Kubernetes, AWS, Terraform, Live Streaming, CDN. Met at DevOps World 2025. Being evaluated for Senior ML Engineer (Senior, AI/ML).","Alexei Volkov scored 41.0/100 for Senior ML Engineer - Low Priority (confidence 90%). Strengths: Experience: 6 years experience vs. expected 5-12 years for Senior ML Engineer.; Mutual Connections: 2 mutual WSC connection(s), diminishing-returns scaled + seniority bonus. Weaknesses: Industry: Industry 'Sports Streaming' vs. job domains ['Sports Video Analysis', 'Computer Vision', 'Deep Learning'] - 0/3 domains matched ([]).; Conference Relevance: Conference domain 'DevOps & Platform Engineering' matched 0/3 job domains ([]).. Missing required skills: Python, PyTorch, Computer Vision, Object Detection.",fallback_template
37,Jerome Blanc,j.blanc@canal-plus.com,Senior Infrastructure Engineer,Canal+,8.0,40.9,Low Priority,0.9,True,0.58,Python; PyTorch; Computer Vision; Object Detection,1,Yuval Stern,"Ask Yuval Stern (DevOps Engineer, Engineering) for a warm introduction - the only mutual connection available.",DevOps World 2025,DevOps & Platform Engineering,linkedin.com/in/jerome-blanc-canal,"Jerome Blanc is a Senior Infrastructure Engineer at Canal+ with 8 years of experience in Sports Broadcasting. Key skills: AWS, Kubernetes, CDN, Terraform, Live Sport. Met at DevOps World 2025. Being evaluated for Senior ML Engineer (Senior, AI/ML).","Jerome Blanc scored 40.9/100 for Senior ML Engineer - Low Priority (confidence 90%). Strengths: Experience: 8 years experience vs. expected 5-12 years for Senior ML Engineer.. Weaknesses: Industry: Industry 'Sports Broadcasting' vs. job domains ['Sports Video Analysis', 'Computer Vision', 'Deep Learning'] - 0/3 domains matched ([]).; Conference Relevance: Conference domain 'DevOps & Platform Engineering' matched 0/3 job domains ([]).. Missing required skills: Python, PyTorch, Computer Vision, Object Detection.",fallback_template
38,Alex Turner,a.turner@olympicchannel.com,Product Manager - Data,Olympic Channel,8.0,38.8,Low Priority,0.9,True,0.4,Python; PyTorch; Computer Vision; Object Detection; AWS,2,Noa Shapiro; Dana Friedman,"Ask Noa Shapiro (Senior Product Manager, Product) for a warm introduction - the only mutual connection available.",SportsTech Innovation Summit,Sports Technology & Analytics,linkedin.com/in/alex-turner-olym,"Alex Turner is a Product Manager - Data at Olympic Channel with 8 years of experience in Sports Media. Key skills: Product Management, Sports Broadcasting, Data Products, OTT, APIs. Met at SportsTech Innovation Summit. Being evaluated for Senior ML Engineer (Senior, AI/ML).","Alex Turner scored 38.8/100 for Senior ML Engineer - Low Priority (confidence 90%). Strengths: Experience: 8 years experience vs. expected 5-12 years for Senior ML Engineer.; Mutual Connections: 2 mutual WSC connection(s), diminishing-returns scaled. Weaknesses: Title: 'Product Manager - Data' vs. target title 'Senior ML Engineer' - 0% term overlap (domain relevance x0.4).; Industry: Industry 'Sports Media' vs. job domains ['Sports Video Analysis', 'Computer Vision', 'Deep Learning'] - 0/3 domains matched ([]).. Missing required skills: Python, PyTorch, Computer Vision, Object Detection, AWS.",fallback_template
39,Rachel Kim,r.kim@mediapipe.co,Backend Engineer,MediaPipe Co,4.0,38.7,Low Priority,0.9,True,0.58,PyTorch; Computer Vision; Object Detection; AWS,1,Tal Mizrahi,"Ask Tal Mizrahi (Backend Engineer, Engineering) for a warm introduction - the only mutual connection available.",SportsTech Innovation Summit,Sports Technology & Analytics,linkedin.com/in/rachel-kim-be,"Rachel Kim is a Backend Engineer at MediaPipe Co with 4 years of experience in Media Technology. Key skills: Go, Python, REST APIs, Kafka, Docker. Met at SportsTech Innovation Summit. Being evaluated for Senior ML Engineer (Senior, AI/ML).","Rachel Kim scored 38.7/100 for Senior ML Engineer - Low Priority (confidence 90%). Strengths: Experience: 4 years experience vs. expected 5-12 years for Senior ML Engineer.. Weaknesses: Industry: Industry 'Media Technology' vs. job domains ['Sports Video Analysis', 'Computer Vision', 'Deep Learning'] - 0/3 domains matched ([]).. Missing required skills: PyTorch, Computer Vision, Object Detection, AWS.",fallback_template
40,Claudia Vogel,c.vogel@eurosport.de,Product Manager - Streaming,Eurosport Germany,8.0,37.8,Low Priority,0.9,True,0.7,Python; PyTorch; Computer Vision; Object Detection; AWS,2,Noa Shapiro; Dana Friedman,"Ask Noa Shapiro (Senior Product Manager, Product) for a warm introduction - the only mutual connection available.",Broadcast & Streaming Technology Expo,Broadcast & Video Technology,linkedin.com/in/claudia-vogel-eurosport,"Claudia Vogel is a Product Manager - Streaming at Eurosport Germany with 8 years of experience in Sports Broadcasting. Key skills: Product Management, OTT, Sports Rights, B2C Streaming, Analytics. Met at Broadcast & Streaming Technology Expo. Being evaluated for Senior ML Engineer (Senior, AI/ML).","Claudia Vogel scored 37.8/100 for Senior ML Engineer - Low Priority (confidence 90%). Strengths: Experience: 8 years experience vs. expected 5-12 years for Senior ML Engineer.; Mutual Connections: 2 mutual WSC connection(s), diminishing-returns scaled. Weaknesses: Title: 'Product Manager - Streaming' vs. target title 'Senior ML Engineer' - 0% term overlap (domain relevance x0.7).; Conference Relevance: Conference domain 'Broadcast & Video Technology' matched 0/3 job domains ([]).. Missing required skills: Python, PyTorch, Computer Vision, Object Detection, AWS.",fallback_template
41,Jack Thomas,j.thomas@performancelab.io,Sports Science Data Analyst,Performance Lab,4.0,37.7,Low Priority,0.9,True,0.7,PyTorch; Computer Vision; Object Detection; AWS,1,Liron Katz,"Ask Liron Katz (Sports Data Analyst, Data) for a warm introduction - the only mutual connection available.",SportsTech Innovation Summit,Sports Technology & Analytics,linkedin.com/in/jack-thomas-sport,"Jack Thomas is a Sports Science Data Analyst at Performance Lab with 4 years of experience in Sports Science. Key skills: Python, R, Sports Science, Wearables, Performance Analytics. Met at SportsTech Innovation Summit. Being evaluated for Senior ML Engineer (Senior, AI/ML).","Jack Thomas scored 37.7/100 for Senior ML Engineer - Low Priority (confidence 90%). Strengths: Experience: 4 years experience vs. expected 5-12 years for Senior ML Engineer.. Weaknesses: Industry: Industry 'Sports Science' vs. job domains ['Sports Video Analysis', 'Computer Vision', 'Deep Learning'] - 1/3 domains matched (['Sports Video Analysis']).; Title: 'Sports Science Data Analyst' vs. target title 'Senior ML Engineer' - 0% term overlap (domain relevance x0.7).. Missing required skills: PyTorch, Computer Vision, Object Detection, AWS.",fallback_template
42,Stefano Conti,s.conti@sky-italia.com,Platform Architect,Sky Italia,10.0,37.5,Low Priority,0.9,True,0.58,Python; PyTorch; Computer Vision; Object Detection,2,Yuval Stern; Eran Moshe,"Ask Yuval Stern (DevOps Engineer, Engineering) for a warm introduction - the only mutual connection available.",DevOps World 2025,DevOps & Platform Engineering,linkedin.com/in/stefano-conti-sky,"Stefano Conti is a Platform Architect at Sky Italia with 10 years of experience in Sports Broadcasting. Key skills: AWS, Kubernetes, CDN, Terraform, Live Sports Streaming. Met at DevOps World 2025. Being evaluated for Senior ML Engineer (Senior, AI/ML).","Stefano Conti scored 37.5/100 for Senior ML Engineer - Low Priority (confidence 90%). Strengths: Experience: 10 years experience vs. expected 5-12 years for Senior ML Engineer.; Mutual Connections: 2 mutual WSC connection(s), diminishing-returns scaled. Weaknesses: Industry: Industry 'Sports Broadcasting' vs. job domains ['Sports Video Analysis', 'Computer Vision', 'Deep Learning'] - 0/3 domains matched ([]).; Conference Relevance: Conference domain 'DevOps & Platform Engineering' matched 0/3 job domains ([]).. Missing required skills: Python, PyTorch, Computer Vision, Object Detection.",fallback_template
43,Grace Wilson,g.wilson@cybersecurity.io,DevOps Engineer,CyberShield,5.0,36.3,Low Priority,0.9,True,0.58,Python; PyTorch; Computer Vision; Object Detection,0,,,SportsTech Innovation Summit,Sports Technology & Analytics,linkedin.com/in/grace-wilson-cyber,"Grace Wilson is a DevOps Engineer at CyberShield with 5 years of experience in Cybersecurity. Key skills: Kubernetes, Terraform, CI/CD, AWS, Security. Met at SportsTech Innovation Summit. Being evaluated for Senior ML Engineer (Senior, AI/ML).","Grace Wilson scored 36.3/100 for Senior ML Engineer - Low Priority (confidence 90%). Strengths: Experience: 5 years experience vs. expected 5-12 years for Senior ML Engineer.. Weaknesses: Industry: Industry 'Cybersecurity' vs. job domains ['Sports Video Analysis', 'Computer Vision', 'Deep Learning'] - 0/3 domains matched ([]).; Mutual Connections: No mutual WSC connections found.. Missing required skills: Python, PyTorch, Computer Vision, Object Detection.",fallback_template
44,Tom Nguyen,tom.nguyen@financeflow.com,Senior Software Engineer,FinanceFlow,6.0,35.3,Low Priority,0.9,True,0.4,Python; PyTorch; Computer Vision; Object Detection; AWS,0,,,SportsTech Innovation Summit,Sports Technology & Analytics,linkedin.com/in/tom-nguyen-fin,"Tom Nguyen is a Senior Software Engineer at FinanceFlow with 6 years of experience in Financial Services. Key skills: Java, Spring Boot, Microservices, Kafka, SQL. Met at SportsTech Innovation Summit. Being evaluated for Senior ML Engineer (Senior, AI/ML).","Tom Nguyen scored 35.3/100 for Senior ML Engineer - Low Priority (confidence 90%). Strengths: Experience: 6 years experience vs. expected 5-12 years for Senior ML Engineer.. Weaknesses: Industry: Industry 'Financial Services' vs. job domains ['Sports Video Analysis', 'Computer Vision', 'Deep Learning'] - 0/3 domains matched ([]).; Mutual Connections: No mutual WSC connections found.. Missing required skills: Python, PyTorch, Computer Vision, Object Detection, AWS.",fallback_template
45,Lars Andersen,l.andersen@ericsson.com,Solutions Architect - Broadcast,Ericsson,11.0,35.0,Low Priority,0.9,True,0.58,Python; PyTorch; Computer Vision; Object Detection,1,Yuval Stern,"Ask Yuval Stern (DevOps Engineer, Engineering) for a warm introduction - the only mutual connection available.",Broadcast & Streaming Technology Expo,Broadcast & Video Technology,linkedin.com/in/lars-andersen-ericsson,"Lars Andersen is a Solutions Architect - Broadcast at Ericsson with 11 years of experience in Broadcast Technology. Key skills: 5G Broadcast, AWS, CDN, Live Sports, Architecture. Met at Broadcast & Streaming Technology Expo. Being evaluated for Senior ML Engineer (Senior, AI/ML).","Lars Andersen scored 35.0/100 for Senior ML Engineer - Low Priority (confidence 90%). Strengths: Experience: 11 years experience vs. expected 5-12 years for Senior ML Engineer.. Weaknesses: Industry: Industry 'Broadcast Technology' vs. job domains ['Sports Video Analysis', 'Computer Vision', 'Deep Learning'] - 0/3 domains matched ([]).; Conference Relevance: Conference domain 'Broadcast & Video Technology' matched 0/3 job domains ([]).. Missing required skills: Python, PyTorch, Computer Vision, Object Detection.",fallback_template
46,Javier Morales,j.morales@teledeporte.es,Broadcast Engineer,TeleDeporte,5.0,33.8,Do Not Contact,0.9,True,0.7,Python; PyTorch; Computer Vision; Object Detection; AWS,0,,,Broadcast & Streaming Technology Expo,Broadcast & Video Technology,linkedin.com/in/javier-morales-tv,"Javier Morales is a Broadcast Engineer at TeleDeporte with 5 years of experience in Broadcasting. Key skills: Broadcast Systems, EVS, Video Encoding, Sports Production. Met at Broadcast & Streaming Technology Expo. Being evaluated for Senior ML Engineer (Senior, AI/ML).","Javier Morales scored 33.8/100 for Senior ML Engineer - Do Not Contact (confidence 90%). Strengths: Experience: 5 years experience vs. expected 5-12 years for Senior ML Engineer.. Weaknesses: Mutual Connections: No mutual WSC connections found.; Conference Relevance: Conference domain 'Broadcast & Video Technology' matched 0/3 job domains ([]).. Missing required skills: Python, PyTorch, Computer Vision, Object Detection, AWS.",fallback_template
47,Lily Thompson,l.thompson@pharmatech.com,Data Scientist,PharmaTech,5.0,33.4,Do Not Contact,0.9,True,0.58,PyTorch; Computer Vision; Object Detection; AWS,0,,,SportsTech Innovation Summit,Sports Technology & Analytics,linkedin.com/in/lily-thompson-pharma,"Lily Thompson is a Data Scientist at PharmaTech with 5 years of experience in Pharmaceutical. Key skills: Python, R, Statistics, Clinical Trials, Pharma Analytics. Met at SportsTech Innovation Summit. Being evaluated for Senior ML Engineer (Senior, AI/ML).","Lily Thompson scored 33.4/100 for Senior ML Engineer - Do Not Contact (confidence 90%). Strengths: Experience: 5 years experience vs. expected 5-12 years for Senior ML Engineer.. Weaknesses: Industry: Industry 'Pharmaceutical' vs. job domains ['Sports Video Analysis', 'Computer Vision', 'Deep Learning'] - 0/3 domains matched ([]).; Mutual Connections: No mutual WSC connections found.. Missing required skills: PyTorch, Computer Vision, Object Detection, AWS.",fallback_template
48,George Patterson,g.patterson@cloudretail.com,Data Platform Engineer,CloudRetail,5.0,33.0,Do Not Contact,0.9,True,0.58,PyTorch; Computer Vision; Object Detection; AWS,0,,,Data & AI Summit Europe,Data Engineering & AI/ML,linkedin.com/in/george-patterson-cloud,"George Patterson is a Data Platform Engineer at CloudRetail with 5 years of experience in Retail Technology. Key skills: Python, dbt, Snowflake, Airflow, SQL. Met at Data & AI Summit Europe. Being evaluated for Senior ML Engineer (Senior, AI/ML).","George Patterson scored 33.0/100 for Senior ML Engineer - Do Not Contact (confidence 90%). Strengths: Experience: 5 years experience vs. expected 5-12 years for Senior ML Engineer.. Weaknesses: Mutual Connections: No mutual WSC connections found.; Conference Relevance: Conference domain 'Data Engineering & AI/ML' matched 0/3 job domains ([]).. Missing required skills: PyTorch, Computer Vision, Object Detection, AWS.",fallback_template
49,Ingrid Svensson,i.svensson@klarna.com,Data Engineer,Klarna,5.0,33.0,Do Not Contact,0.9,True,0.58,PyTorch; Computer Vision; Object Detection; AWS,0,,,Data & AI Summit Europe,Data Engineering & AI/ML,linkedin.com/in/ingrid-svensson-klarna,"Ingrid Svensson is a Data Engineer at Klarna with 5 years of experience in Financial Services. Key skills: Python, Spark, dbt, Kafka, SQL. Met at Data & AI Summit Europe. Being evaluated for Senior ML Engineer (Senior, AI/ML).","Ingrid Svensson scored 33.0/100 for Senior ML Engineer - Do Not Contact (confidence 90%). Strengths: Experience: 5 years experience vs. expected 5-12 years for Senior ML Engineer.. Weaknesses: Mutual Connections: No mutual WSC connections found.; Conference Relevance: Conference domain 'Data Engineering & AI/ML' matched 0/3 job domains ([]).. Missing required skills: PyTorch, Computer Vision, Object Detection, AWS.",fallback_template
50,Mia Johnson,mia.johnson@foodtech.co,Data Engineer,FoodTech,4.0,32.8,Do Not Contact,0.9,True,0.58,PyTorch; Computer Vision; Object Detection; AWS,0,,,SportsTech Innovation Summit,Sports Technology & Analytics,linkedin.com/in/mia-johnson-food,"Mia Johnson is a Data Engineer at FoodTech with 4 years of experience in Food Technology. Key skills: Python, SQL, dbt, Airflow, Food Supply Chain. Met at SportsTech Innovation Summit. Being evaluated for Senior ML Engineer (Senior, AI/ML).","Mia Johnson scored 32.8/100 for Senior ML Engineer - Do Not Contact (confidence 90%). Strengths: Experience: 4 years experience vs. expected 5-12 years for Senior ML Engineer.. Weaknesses: Industry: Industry 'Food Technology' vs. job domains ['Sports Video Analysis', 'Computer Vision', 'Deep Learning'] - 0/3 domains matched ([]).; Mutual Connections: No mutual WSC connections found.. Missing required skills: PyTorch, Computer Vision, Object Detection, AWS.",fallback_template
51,Carlos Mendez,c.mendez@healthdata.net,Data Scientist,HealthData Inc,4.0,32.7,Do Not Contact,0.9,True,0.7,PyTorch; Computer Vision; Object Detection; AWS,0,,,SportsTech Innovation Summit,Sports Technology & Analytics,linkedin.com/in/carlos-mendez-ds,"Carlos Mendez is a Data Scientist at HealthData Inc with 4 years of experience in Healthcare. Key skills: Python, Scikit-learn, SQL, Tableau, Healthcare Analytics. Met at SportsTech Innovation Summit. Being evaluated for Senior ML Engineer (Senior, AI/ML).","Carlos Mendez scored 32.7/100 for Senior ML Engineer - Do Not Contact (confidence 90%). Strengths: Experience: 4 years experience vs. expected 5-12 years for Senior ML Engineer.. Weaknesses: Title: 'Data Scientist' vs. target title 'Senior ML Engineer' - 0% term overlap (domain relevance x0.7).; Mutual Connections: No mutual WSC connections found.. Missing required skills: PyTorch, Computer Vision, Object Detection, AWS.",fallback_template
52,Charlotte Hall,c.hall@telecom.net,Network Engineer,TelecomNet,6.0,32.1,Do Not Contact,0.9,True,0.15,Python; PyTorch; Computer Vision; Object Detection; AWS,0,,,SportsTech Innovation Summit,Sports Technology & Analytics,linkedin.com/in/charlotte-hall-tel,"Charlotte Hall is a Network Engineer at TelecomNet with 6 years of experience in Telecommunications. Key skills: Cisco, Network Architecture, 5G, VoIP. Met at SportsTech Innovation Summit. Being evaluated for Senior ML Engineer (Senior, AI/ML).","Charlotte Hall scored 32.1/100 for Senior ML Engineer - Do Not Contact (confidence 90%). Strengths: Experience: 6 years experience vs. expected 5-12 years for Senior ML Engineer.. Weaknesses: Industry: Industry 'Telecommunications' vs. job domains ['Sports Video Analysis', 'Computer Vision', 'Deep Learning'] - 0/3 domains matched ([]).; Mutual Connections: No mutual WSC connections found.. Missing required skills: Python, PyTorch, Computer Vision, Object Detection, AWS.",fallback_template
53,Daniel Brown,d.brown@realestatex.com,Product Manager,RealEstateX,6.0,31.3,Do Not Contact,0.9,True,0.4,Python; PyTorch; Computer Vision; Object Detection; AWS,0,,,SportsTech Innovation Summit,Sports Technology & Analytics,linkedin.com/in/daniel-brown-pm,"Daniel Brown is a Product Manager at RealEstateX with 6 years of experience in Real Estate. Key skills: Product Management, Agile, Roadmapping, B2C. Met at SportsTech Innovation Summit. Being evaluated for Senior ML Engineer (Senior, AI/ML).","Daniel Brown scored 31.3/100 for Senior ML Engineer - Do Not Contact (confidence 90%). Strengths: Experience: 6 years experience vs. expected 5-12 years for Senior ML Engineer.. Weaknesses: Industry: Industry 'Real Estate' vs. job domains ['Sports Video Analysis', 'Computer Vision', 'Deep Learning'] - 0/3 domains matched ([]).; Mutual Connections: No mutual WSC connections found.. Missing required skills: Python, PyTorch, Computer Vision, Object Detection, AWS.",fallback_template
54,Laura Gibson,l.gibson@hospitalgroup.org,IT Manager,City Hospital Group,10.0,31.3,Do Not Contact,0.9,True,0.15,Python; PyTorch; Computer Vision; Object Detection; AWS,0,,,SportsTech Innovation Summit,Sports Technology & Analytics,linkedin.com/in/laura-gibson-health,"Laura Gibson is a IT Manager at City Hospital Group with 10 years of experience in Healthcare. Key skills: IT Management, ITIL, Network, Healthcare IT. Met at SportsTech Innovation Summit. Being evaluated for Senior ML Engineer (Senior, AI/ML).","Laura Gibson scored 31.3/100 for Senior ML Engineer - Do Not Contact (confidence 90%). Strengths: Experience: 10 years experience vs. expected 5-12 years for Senior ML Engineer.. Weaknesses: Industry: Industry 'Healthcare' vs. job domains ['Sports Video Analysis', 'Computer Vision', 'Deep Learning'] - 0/3 domains matched ([]).; Mutual Connections: No mutual WSC connections found.. Missing required skills: Python, PyTorch, Computer Vision, Object Detection, AWS.",fallback_template
55,Olivia Scott,o.scott@marketingco.com,Digital Marketing Manager,MarketingCo,5.0,31.3,Do Not Contact,0.9,True,0.15,Python; PyTorch; Computer Vision; Object Detection; AWS,0,,,SportsTech Innovation Summit,Sports Technology & Analytics,linkedin.com/in/olivia-scott-mktg,"Olivia Scott is a Digital Marketing Manager at MarketingCo with 5 years of experience in Marketing. Key skills: SEO, Google Ads, HubSpot, Content Marketing, Social Media. Met at SportsTech Innovation Summit. Being evaluated for Senior ML Engineer (Senior, AI/ML).","Olivia Scott scored 31.3/100 for Senior ML Engineer - Do Not Contact (confidence 90%). Strengths: Experience: 5 years experience vs. expected 5-12 years for Senior ML Engineer.. Weaknesses: Industry: Industry 'Marketing' vs. job domains ['Sports Video Analysis', 'Computer Vision', 'Deep Learning'] - 0/3 domains matched ([]).; Mutual Connections: No mutual WSC connections found.. Missing required skills: Python, PyTorch, Computer Vision, Object Detection, AWS.",fallback_template
56,Emma Lewis,e.lewis@agritech.io,Product Manager,AgriTech,5.0,31.3,Do Not Contact,0.9,True,0.4,Python; PyTorch; Computer Vision; Object Detection; AWS,0,,,SportsTech Innovation Summit,Sports Technology & Analytics,linkedin.com/in/emma-lewis-agri,"Emma Lewis is a Product Manager at AgriTech with 5 years of experience in Agriculture Technology. Key skills: Product Management, Agile, B2B SaaS, Agriculture. Met at SportsTech Innovation Summit. Being evaluated for Senior ML Engineer (Senior, AI/ML).","Emma Lewis scored 31.3/100 for Senior ML Engineer - Do Not Contact (confidence 90%). Strengths: Experience: 5 years experience vs. expected 5-12 years for Senior ML Engineer.. Weaknesses: Industry: Industry 'Agriculture Technology' vs. job domains ['Sports Video Analysis', 'Computer Vision', 'Deep Learning'] - 0/3 domains matched ([]).; Mutual Connections: No mutual WSC connections found.. Missing required skills: Python, PyTorch, Computer Vision, Object Detection, AWS.",fallback_template
57,Kim Soo-Jin,k.soojin@samsung.com,DevOps Lead,Samsung SDS,7.0,30.1,Do Not Contact,0.9,True,0.58,Python; PyTorch; Computer Vision; Object Detection,0,,,DevOps World 2025,DevOps & Platform Engineering,linkedin.com/in/kim-soojin-devops,"Kim Soo-Jin is a DevOps Lead at Samsung SDS with 7 years of experience in Technology. Key skills: Kubernetes, Jenkins, AWS, CI/CD, Infrastructure. Met at DevOps World 2025. Being evaluated for Senior ML Engineer (Senior, AI/ML).","Kim Soo-Jin scored 30.1/100 for Senior ML Engineer - Do Not Contact (confidence 90%). Strengths: Experience: 7 years experience vs. expected 5-12 years for Senior ML Engineer.. Weaknesses: Mutual Connections: No mutual WSC connections found.; Conference Relevance: Conference domain 'DevOps & Platform Engineering' matched 0/3 job domains ([]).. Missing required skills: Python, PyTorch, Computer Vision, Object Detection.",fallback_template
58,Sven Hartmann,s.hartmann@arri.com,Camera Systems Engineer,ARRI,8.0,30.0,Do Not Contact,0.9,True,0.4,Python; PyTorch; Computer Vision; Object Detection; AWS,0,,,Broadcast & Streaming Technology Expo,Broadcast & Video Technology,linkedin.com/in/sven-hartmann-arri,"Sven Hartmann is a Camera Systems Engineer at ARRI with 8 years of experience in Broadcast Equipment. Key skills: Camera Systems, Hardware, Broadcast Equipment, Sports Production. Met at Broadcast & Streaming Technology Expo. Being evaluated for Senior ML Engineer (Senior, AI/ML).","Sven Hartmann scored 30.0/100 for Senior ML Engineer - Do Not Contact (confidence 90%). Strengths: Experience: 8 years experience vs. expected 5-12 years for Senior ML Engineer.. Weaknesses: Mutual Connections: No mutual WSC connections found.; Conference Relevance: Conference domain 'Broadcast & Video Technology' matched 0/3 job domains ([]).. Missing required skills: Python, PyTorch, Computer Vision, Object Detection, AWS.",fallback_template
59,Chloe Martinez,c.martinez@banking.com,Software Engineer,National Bank,4.0,29.9,Do Not Contact,0.9,True,0.4,Python; PyTorch; Computer Vision; Object Detection; AWS,0,,,SportsTech Innovation Summit,Sports Technology & Analytics,linkedin.com/in/chloe-martinez-bank,"Chloe Martinez is a Software Engineer at National Bank with 4 years of experience in Banking. Key skills: Java, Spring Boot, SQL, Banking Systems. Met at SportsTech Innovation Summit. Being evaluated for Senior ML Engineer (Senior, AI/ML).","Chloe Martinez scored 29.9/100 for Senior ML Engineer - Do Not Contact (confidence 90%). Strengths: Experience: 4 years experience vs. expected 5-12 years for Senior ML Engineer.. Weaknesses: Industry: Industry 'Banking' vs. job domains ['Sports Video Analysis', 'Computer Vision', 'Deep Learning'] - 0/3 domains matched ([]).; Mutual Connections: No mutual WSC connections found.. Missing required skills: Python, PyTorch, Computer Vision, Object Detection, AWS.",fallback_template
60,Isabella Moore,i.moore@edtech.edu,Backend Developer,EduTech,3.0,29.8,Do Not Contact,0.9,True,0.76,PyTorch; Computer Vision; Object Detection,0,,,SportsTech Innovation Summit,Sports Technology & Analytics,linkedin.com/in/isabella-moore-edu,"Isabella Moore is a Backend Developer at EduTech with 3 years of experience in Education Technology. Key skills: Python, Django, PostgreSQL, AWS. Met at SportsTech Innovation Summit. Being evaluated for Senior ML Engineer (Senior, AI/ML).","Isabella Moore scored 29.8/100 for Senior ML Engineer - Do Not Contact (confidence 90%). Strengths: Experience: 3 years experience vs. expected 5-12 years for Senior ML Engineer.. Weaknesses: Industry: Industry 'Education Technology' vs. job domains ['Sports Video Analysis', 'Computer Vision', 'Deep Learning'] - 0/3 domains matched ([]).; Mutual Connections: No mutual WSC connections found.. Missing required skills: PyTorch, Computer Vision, Object Detection.",fallback_template
61,Marcus Webb,m.webb@pharma-analytics.com,Data Engineer,PharmaAnalytics,4.0,29.5,Do Not Contact,0.9,True,0.58,PyTorch; Computer Vision; Object Detection; AWS,0,,,Data & AI Summit Europe,Data Engineering & AI/ML,linkedin.com/in/marcus-webb-pharma,"Marcus Webb is a Data Engineer at PharmaAnalytics with 4 years of experience in Pharmaceutical. Key skills: Python, SQL, dbt, Airflow, Healthcare Data. Met at Data & AI Summit Europe. Being evaluated for Senior ML Engineer (Senior, AI/ML).","Marcus Webb scored 29.5/100 for Senior ML Engineer - Do Not Contact (confidence 90%). Strengths: Experience: 4 years experience vs. expected 5-12 years for Senior ML Engineer.. Weaknesses: Mutual Connections: No mutual WSC connections found.; Conference Relevance: Conference domain 'Data Engineering & AI/ML' matched 0/3 job domains ([]).. Missing required skills: PyTorch, Computer Vision, Object Detection, AWS.",fallback_template
62,Katarzyna Wojcik,k.wojcik@insurance-group.pl,Analytics Engineer,InsuranceGroup PL,4.0,29.5,Do Not Contact,0.9,True,0.58,PyTorch; Computer Vision; Object Detection; AWS,0,,,Data & AI Summit Europe,Data Engineering & AI/ML,linkedin.com/in/katarzyna-wojcik-ins,"Katarzyna Wojcik is a Analytics Engineer at InsuranceGroup PL with 4 years of experience in Insurance. Key skills: SQL, dbt, Python, Tableau, Insurance. Met at Data & AI Summit Europe. Being evaluated for Senior ML Engineer (Senior, AI/ML).","Katarzyna Wojcik scored 29.5/100 for Senior ML Engineer - Do Not Contact (confidence 90%). Strengths: Experience: 4 years experience vs. expected 5-12 years for Senior ML Engineer.. Weaknesses: Mutual Connections: No mutual WSC connections found.; Conference Relevance: Conference domain 'Data Engineering & AI/ML' matched 0/3 job domains ([]).. Missing required skills: PyTorch, Computer Vision, Object Detection, AWS.",fallback_template
63,Patrick Duval,p.duval@textileindustry.fr,IT Engineer,TextileInd,6.0,28.8,Do Not Contact,0.9,True,0.15,Python; PyTorch; Computer Vision; Object Detection; AWS,0,,,Broadcast & Streaming Technology Expo,Broadcast & Video Technology,linkedin.com/in/patrick-duval-textile,"Patrick Duval is a IT Engineer at TextileInd with 6 years of experience in Textile Manufacturing. Key skills: IT Support, Windows Server, SQL, ERP. Met at Broadcast & Streaming Technology Expo. Being evaluated for Senior ML Engineer (Senior, AI/ML).","Patrick Duval scored 28.8/100 for Senior ML Engineer - Do Not Contact (confidence 90%). Strengths: Experience: 6 years experience vs. expected 5-12 years for Senior ML Engineer.. Weaknesses: Mutual Connections: No mutual WSC connections found.; Conference Relevance: Conference domain 'Broadcast & Video Technology' matched 0/3 job domains ([]).. Missing required skills: Python, PyTorch, Computer Vision, Object Detection, AWS.",fallback_template
64,Jennifer Adams,j.adams@insurancetech.com,Data Analyst,InsureTech,4.0,27.9,Do Not Contact,0.9,True,0.4,Python; PyTorch; Computer Vision; Object Detection; AWS,0,,,SportsTech Innovation Summit,Sports Technology & Analytics,linkedin.com/in/jennifer-adams-ins,"Jennifer Adams is a Data Analyst at InsureTech with 4 years of experience in Insurance. Key skills: Excel, SQL, Tableau, Insurance Analytics. Met at SportsTech Innovation Summit. Being evaluated for Senior ML Engineer (Senior, AI/ML).","Jennifer Adams scored 27.9/100 for Senior ML Engineer - Do Not Contact (confidence 90%). Strengths: Experience: 4 years experience vs. expected 5-12 years for Senior ML Engineer.. Weaknesses: Industry: Industry 'Insurance' vs. job domains ['Sports Video Analysis', 'Computer Vision', 'Deep Learning'] - 0/3 domains matched ([]).; Mutual Connections: No mutual WSC connections found.. Missing required skills: Python, PyTorch, Computer Vision, Object Detection, AWS.",fallback_template
65,Mei Zhang,m.zhang@cloudnative.io,Platform Engineer,CloudNative Labs,4.0,26.6,Do Not Contact,0.9,True,0.4,Python; PyTorch; Computer Vision; Object Detection; AWS,0,,,DevOps World 2025,DevOps & Platform Engineering,linkedin.com/in/mei-zhang-platform,"Mei Zhang is a Platform Engineer at CloudNative Labs with 4 years of experience in Cloud Technology. Key skills: Kubernetes, Helm, Terraform, GCP, CI/CD. Met at DevOps World 2025. Being evaluated for Senior ML Engineer (Senior, AI/ML).","Mei Zhang scored 26.6/100 for Senior ML Engineer - Do Not Contact (confidence 90%). Strengths: Experience: 4 years experience vs. expected 5-12 years for Senior ML Engineer.. Weaknesses: Mutual Connections: No mutual WSC connections found.; Conference Relevance: Conference domain 'DevOps & Platform Engineering' matched 0/3 job domains ([]).. Missing required skills: Python, PyTorch, Computer Vision, Object Detection, AWS.",fallback_template
66,Amara Diallo,a.diallo@telecoms.sn,Network Engineer,TelecomSN,4.0,26.6,Do Not Contact,0.9,True,0.4,Python; PyTorch; Computer Vision; Object Detection; AWS,0,,,DevOps World 2025,DevOps & Platform Engineering,linkedin.com/in/amara-diallo-telecom,"Amara Diallo is a Network Engineer at TelecomSN with 4 years of experience in Telecommunications. Key skills: Cisco, MPLS, LTE, Network Design. Met at DevOps World 2025. Being evaluated for Senior ML Engineer (Senior, AI/ML).","Amara Diallo scored 26.6/100 for Senior ML Engineer - Do Not Contact (confidence 90%). Strengths: Experience: 4 years experience vs. expected 5-12 years for Senior ML Engineer.. Weaknesses: Mutual Connections: No mutual WSC connections found.; Conference Relevance: Conference domain 'DevOps & Platform Engineering' matched 0/3 job domains ([]).. Missing required skills: Python, PyTorch, Computer Vision, Object Detection, AWS.",fallback_template
67,Ben Walker,ben.walker@retailtech.com,Software Engineer,RetailTech,3.0,26.4,Do Not Contact,0.9,True,0.4,Python; PyTorch; Computer Vision; Object Detection; AWS,0,,,SportsTech Innovation Summit,Sports Technology & Analytics,linkedin.com/in/ben-walker-retail,"Ben Walker is a Software Engineer at RetailTech with 3 years of experience in Retail Technology. Key skills: JavaScript, Node.js, React, SQL. Met at SportsTech Innovation Summit. Being evaluated for Senior ML Engineer (Senior, AI/ML).","Ben Walker scored 26.4/100 for Senior ML Engineer - Do Not Contact (confidence 90%). Strengths: Experience: 3 years experience vs. expected 5-12 years for Senior ML Engineer.. Weaknesses: Industry: Industry 'Retail Technology' vs. job domains ['Sports Video Analysis', 'Computer Vision', 'Deep Learning'] - 0/3 domains matched ([]).; Mutual Connections: No mutual WSC connections found.. Missing required skills: Python, PyTorch, Computer Vision, Object Detection, AWS.",fallback_template
68,Zoe Wright,zoe.wright@legaltech.io,Software Engineer,LegalTech,3.0,26.4,Do Not Contact,0.9,True,0.4,Python; PyTorch; Computer Vision; Object Detection; AWS,0,,,SportsTech Innovation Summit,Sports Technology & Analytics,linkedin.com/in/zoe-wright-legal,"Zoe Wright is a Software Engineer at LegalTech with 3 years of experience in Legal Technology. Key skills: JavaScript, React, Node.js, PostgreSQL. Met at SportsTech Innovation Summit. Being evaluated for Senior ML Engineer (Senior, AI/ML).","Zoe Wright scored 26.4/100 for Senior ML Engineer - Do Not Contact (confidence 90%). Strengths: Experience: 3 years experience vs. expected 5-12 years for Senior ML Engineer.. Weaknesses: Industry: Industry 'Legal Technology' vs. job domains ['Sports Video Analysis', 'Computer Vision', 'Deep Learning'] - 0/3 domains matched ([]).; Mutual Connections: No mutual WSC connections found.. Missing required skills: Python, PyTorch, Computer Vision, Object Detection, AWS.",fallback_template
69,Aria White,a.white@logistics.co,Software Engineer,LogiCo,3.0,26.4,Do Not Contact,0.9,True,0.4,Python; PyTorch; Computer Vision; Object Detection; AWS,0,,,SportsTech Innovation Summit,Sports Technology & Analytics,linkedin.com/in/aria-white-logi,"Aria White is a Software Engineer at LogiCo with 3 years of experience in Logistics. Key skills: Java, Microservices, SQL, Supply Chain. Met at SportsTech Innovation Summit. Being evaluated for Senior ML Engineer (Senior, AI/ML).","Aria White scored 26.4/100 for Senior ML Engineer - Do Not Contact (confidence 90%). Strengths: Experience: 3 years experience vs. expected 5-12 years for Senior ML Engineer.. Weaknesses: Industry: Industry 'Logistics' vs. job domains ['Sports Video Analysis', 'Computer Vision', 'Deep Learning'] - 0/3 domains matched ([]).; Mutual Connections: No mutual WSC connections found.. Missing required skills: Python, PyTorch, Computer Vision, Object Detection, AWS.",fallback_template
70,Nadia Osei,n.osei@healthcloud.com,Cloud Engineer,HealthCloud,3.0,26.1,Do Not Contact,0.9,True,0.58,Python; PyTorch; Computer Vision; Object Detection,0,,,DevOps World 2025,DevOps & Platform Engineering,linkedin.com/in/nadia-osei-cloud,"Nadia Osei is a Cloud Engineer at HealthCloud with 3 years of experience in Healthcare Technology. Key skills: AWS, Azure, Terraform, CI/CD, Healthcare. Met at DevOps World 2025. Being evaluated for Senior ML Engineer (Senior, AI/ML).","Nadia Osei scored 26.1/100 for Senior ML Engineer - Do Not Contact (confidence 90%). Strengths: Experience: 3 years experience vs. expected 5-12 years for Senior ML Engineer.. Weaknesses: Mutual Connections: No mutual WSC connections found.; Conference Relevance: Conference domain 'DevOps & Platform Engineering' matched 0/3 job domains ([]).. Missing required skills: Python, PyTorch, Computer Vision, Object Detection.",fallback_template
71,Hana Blum,h.blum@agtech.de,DevOps Engineer,AgTech Berlin,3.0,26.1,Do Not Contact,0.9,True,0.58,Python; PyTorch; Computer Vision; Object Detection,0,,,DevOps World 2025,DevOps & Platform Engineering,linkedin.com/in/hana-blum-agtech,"Hana Blum is a DevOps Engineer at AgTech Berlin with 3 years of experience in Agriculture Technology. Key skills: Kubernetes, Terraform, CI/CD, AWS, Agriculture Tech. Met at DevOps World 2025. Being evaluated for Senior ML Engineer (Senior, AI/ML).","Hana Blum scored 26.1/100 for Senior ML Engineer - Do Not Contact (confidence 90%). Strengths: Experience: 3 years experience vs. expected 5-12 years for Senior ML Engineer.. Weaknesses: Mutual Connections: No mutual WSC connections found.; Conference Relevance: Conference domain 'DevOps & Platform Engineering' matched 0/3 job domains ([]).. Missing required skills: Python, PyTorch, Computer Vision, Object Detection.",fallback_template
72,Anna Petrov,anna.petrov@govtech.gov,Software Developer,GovTech Agency,3.0,24.4,Do Not Contact,0.9,True,0.4,Python; PyTorch; Computer Vision; Object Detection; AWS,0,,,SportsTech Innovation Summit,Sports Technology & Analytics,linkedin.com/in/anna-petrov-gov,"Anna Petrov is a Software Developer at GovTech Agency with 3 years of experience in Government Technology. Key skills: Java, Spring, SQL, Government Systems. Met at SportsTech Innovation Summit. Being evaluated for Senior ML Engineer (Senior, AI/ML).","Anna Petrov scored 24.4/100 for Senior ML Engineer - Do Not Contact (confidence 90%). Strengths: Experience: 3 years experience vs. expected 5-12 years for Senior ML Engineer.. Weaknesses: Industry: Industry 'Government Technology' vs. job domains ['Sports Video Analysis', 'Computer Vision', 'Deep Learning'] - 0/3 domains matched ([]).; Mutual Connections: No mutual WSC connections found.. Missing required skills: Python, PyTorch, Computer Vision, Object Detection, AWS.",fallback_template
73,Amelia King,a.king@pettech.com,Data Analyst,PetTech,3.0,24.4,Do Not Contact,0.9,True,0.4,Python; PyTorch; Computer Vision; Object Detection; AWS,0,,,SportsTech Innovation Summit,Sports Technology & Analytics,linkedin.com/in/amelia-king-pet,"Amelia King is a Data Analyst at PetTech with 3 years of experience in Consumer Tech. Key skills: Excel, SQL, Python basics, Pet Industry. Met at SportsTech Innovation Summit. Being evaluated for Senior ML Engineer (Senior, AI/ML).","Amelia King scored 24.4/100 for Senior ML Engineer - Do Not Contact (confidence 90%). Strengths: Experience: 3 years experience vs. expected 5-12 years for Senior ML Engineer.. Weaknesses: Industry: Industry 'Consumer Tech' vs. job domains ['Sports Video Analysis', 'Computer Vision', 'Deep Learning'] - 0/3 domains matched ([]).; Mutual Connections: No mutual WSC connections found.. Missing required skills: Python, PyTorch, Computer Vision, Object Detection, AWS.",fallback_template
74,Felix Obi,f.obi@healthstream.ng,Software Engineer,HealthStream,3.0,23.1,Do Not Contact,0.9,True,0.4,Python; PyTorch; Computer Vision; Object Detection; AWS,0,,,Broadcast & Streaming Technology Expo,Broadcast & Video Technology,linkedin.com/in/felix-obi-health,"Felix Obi is a Software Engineer at HealthStream with 3 years of experience in Healthcare Technology. Key skills: JavaScript, React, Node.js, Healthcare. Met at Broadcast & Streaming Technology Expo. Being evaluated for Senior ML Engineer (Senior, AI/ML).","Felix Obi scored 23.1/100 for Senior ML Engineer - Do Not Contact (confidence 90%). Strengths: Experience: 3 years experience vs. expected 5-12 years for Senior ML Engineer.. Weaknesses: Mutual Connections: No mutual WSC connections found.; Conference Relevance: Conference domain 'Broadcast & Video Technology' matched 0/3 job domains ([]).. Missing required skills: Python, PyTorch, Computer Vision, Object Detection, AWS.",fallback_template
75,Pavel Horak,p.horak@govdata.cz,Data Analyst,GovData CZ,3.0,21.1,Do Not Contact,0.9,True,0.4,Python; PyTorch; Computer Vision; Object Detection; AWS,0,,,Data & AI Summit Europe,Data Engineering & AI/ML,linkedin.com/in/pavel-horak-gov,"Pavel Horak is a Data Analyst at GovData CZ with 3 years of experience in Government Technology. Key skills: SQL, Excel, Tableau, Government Reporting. Met at Data & AI Summit Europe. Being evaluated for Senior ML Engineer (Senior, AI/ML).","Pavel Horak scored 21.1/100 for Senior ML Engineer - Do Not Contact (confidence 90%). Strengths: Experience: 3 years experience vs. expected 5-12 years for Senior ML Engineer.. Weaknesses: Mutual Connections: No mutual WSC connections found.; Conference Relevance: Conference domain 'Data Engineering & AI/ML' matched 0/3 job domains ([]).. Missing required skills: Python, PyTorch, Computer Vision, Object Detection, AWS.",fallback_template
